[
    {
        "iconUrl": "https://media.discordapp.net/attachments/1059306855865782282/1123970193274712096/Anichi.png",
        "apiVersion": 1,
        "repositoryUrl": "https://github.com/hexated/cloudstream-extensions-hexated",
        "fileSize": 62181,
        "status": 1,
        "language": "en",
        "authors": [
            "Hexated"
        ],
        "tvTypes": [
            "AnimeMovie",
            "Anime",
            "OVA"
        ],
        "version": 9,
        "internalName": "Anichi",
        "url": "https://raw.githubusercontent.com/hexated/cloudstream-extensions-hexated/builds/Anichi.cs3",
        "name": "Anichi"
    },
    {
        "iconUrl": "https://www.google.com/s2/favicons?domain=anifreakz.com&sz=%size%",
        "apiVersion": 1,
        "repositoryUrl": "https://github.com/hexated/cloudstream-extensions-hexated",
        "fileSize": 14347,
        "status": 0,
        "language": "de",
        "authors": [
            "Hexated"
        ],
        "tvTypes": [
            "AnimeMovie",
            "Anime",
            "OVA"
        ],
        "version": 1,
        "internalName": "Anifreakz",
        "url": "https://raw.githubusercontent.com/hexated/cloudstream-extensions-hexated/builds/Anifreakz.cs3",
        "name": "Anifreakz"
    },
    {
        "iconUrl": "https://raw.githubusercontent.com/hexated/cloudstream-extensions-hexated/master/Anilibria/icon.png",
        "apiVersion": 1,
        "repositoryUrl": "https://github.com/hexated/cloudstream-extensions-hexated",
        "fileSize": 14451,
        "status": 1,
        "language": "ru",
        "authors": [
            "Hexated"
        ],
        "tvTypes": [
            "AnimeMovie",
            "OVA",
            "Anime"
        ],
        "version": 3,
        "internalName": "Anilibria",
        "url": "https://raw.githubusercontent.com/hexated/cloudstream-extensions-hexated/builds/Anilibria.cs3",
        "name": "Anilibria"
    },
    {
        "iconUrl": "https://www.google.com/s2/favicons?domain=animasu.cc&sz=%size%",
        "apiVersion": 1,
        "repositoryUrl": "https://github.com/hexated/cloudstream-extensions-hexated",
        "fileSize": 21574,
        "status": 1,
        "language": "id",
        "authors": [
            "Hexated"
        ],
        "tvTypes": [
            "AnimeMovie",
            "OVA",
            "Anime"
        ],
        "version": 9,
        "internalName": "Animasu",
        "url": "https://raw.githubusercontent.com/hexated/cloudstream-extensions-hexated/builds/Animasu.cs3",
        "name": "Animasu"
    },
    {
        "iconUrl": "https://animedekho.com/wp-content/uploads/2023/07/AnimeDekho-Logo-300x-1.pngg",
        "apiVersion": 1,
        "repositoryUrl": "https://github.com/hexated/cloudstream-extensions-hexated",
        "fileSize": 11411,
        "status": 1,
        "language": "hi",
        "authors": [
            "anon"
        ],
        "tvTypes": [
            "TvSeries",
            "Movie",
            "Anime",
            "Cartoon"
        ],
        "version": 2,
        "internalName": "AnimeDekhoProvider",
        "description": "SKIP ADS on the SITE every 24 hours to Play, has Hindi Dubbed Cartoons",
        "url": "https://raw.githubusercontent.com/hexated/cloudstream-extensions-hexated/builds/AnimeDekhoProvider.cs3",
        "name": "AnimeDekhoProvider"
    },
    {
        "iconUrl": "https://animeindo.quest/wp-content/uploads/2023/05/favicon-300x300.png",
        "apiVersion": 1,
        "repositoryUrl": "https://github.com/hexated/cloudstream-extensions-hexated",
        "fileSize": 14625,
        "status": 1,
        "language": "id",
        "authors": [
            "Hexated"
        ],
        "tvTypes": [
            "AnimeMovie",
            "OVA",
            "Anime"
        ],
        "version": 15,
        "internalName": "AnimeIndoProvider",
        "url": "https://raw.githubusercontent.com/hexated/cloudstream-extensions-hexated/builds/AnimeIndoProvider.cs3",
        "name": "AnimeIndoProvider"
    },
    {
        "iconUrl": "https://aghanim.xyz/wp-content/themes/animesail/assets/images/ico.png",
        "apiVersion": 1,
        "repositoryUrl": "https://github.com/hexated/cloudstream-extensions-hexated",
        "fileSize": 15003,
        "status": 1,
        "language": "id",
        "authors": [
            "Hexated"
        ],
        "tvTypes": [
            "AnimeMovie",
            "Anime",
            "OVA"
        ],
        "version": 10,
        "internalName": "AnimeSailProvider",
        "url": "https://raw.githubusercontent.com/hexated/cloudstream-extensions-hexated/builds/AnimeSailProvider.cs3",
        "name": "AnimeSailProvider"
    },
    {
        "iconUrl": "https://www.google.com/s2/favicons?domain=aniworld.to&sz=%size%",
        "apiVersion": 1,
        "repositoryUrl": "https://github.com/hexated/cloudstream-extensions-hexated",
        "fileSize": 16736,
        "status": 1,
        "language": "de",
        "authors": [
            "Hexated"
        ],
        "tvTypes": [
            "AnimeMovie",
            "Anime",
            "OVA"
        ],
        "version": 6,
        "internalName": "Aniworld",
        "description": "Include: Serienstream",
        "url": "https://raw.githubusercontent.com/hexated/cloudstream-extensions-hexated/builds/Aniworld.cs3",
        "name": "Aniworld"
    },
    {
        "iconUrl": "https://www.google.com/s2/favicons?domain=anizm.net&sz=%size%",
        "apiVersion": 1,
        "repositoryUrl": "https://github.com/hexated/cloudstream-extensions-hexated",
        "fileSize": 16554,
        "status": 0,
        "language": "tr",
        "authors": [
            "Hexated"
        ],
        "tvTypes": [
            "AnimeMovie",
            "Anime",
            "OVA"
        ],
        "version": 1,
        "internalName": "Anizm",
        "url": "https://raw.githubusercontent.com/hexated/cloudstream-extensions-hexated/builds/Anizm.cs3",
        "name": "Anizm"
    },
    {
        "iconUrl": "https://www.google.com/s2/favicons?domain=www.anroll.net&sz=%size%",
        "apiVersion": 1,
        "repositoryUrl": "https://github.com/hexated/cloudstream-extensions-hexated",
        "fileSize": 20608,
        "status": 1,
        "language": "pt-pt",
        "authors": [
            "Hexated"
        ],
        "tvTypes": [
            "Anime",
            "AnimeMovie",
            "OVA"
        ],
        "version": 2,
        "internalName": "Anroll",
        "url": "https://raw.githubusercontent.com/hexated/cloudstream-extensions-hexated/builds/Anroll.cs3",
        "name": "Anroll"
    },
    {
        "iconUrl": "https://www.google.com/s2/favicons?domain=cinemathek.net&sz=%size%",
        "apiVersion": 1,
        "repositoryUrl": "https://github.com/hexated/cloudstream-extensions-hexated",
        "fileSize": 15366,
        "status": 1,
        "language": "de",
        "authors": [
            "Hexated"
        ],
        "tvTypes": [
            "TvSeries",
            "Movie"
        ],
        "version": 2,
        "internalName": "Cinemathek",
        "url": "https://raw.githubusercontent.com/hexated/cloudstream-extensions-hexated/builds/Cinemathek.cs3",
        "name": "Cinemathek"
    },
    {
        "iconUrl": "https://www.google.com/s2/favicons?domain=dizikorea.com&sz=%size%",
        "apiVersion": 1,
        "repositoryUrl": "https://github.com/hexated/cloudstream-extensions-hexated",
        "fileSize": 18210,
        "status": 1,
        "language": "tr",
        "authors": [
            "Hexated"
        ],
        "tvTypes": [
            "AsianDrama"
        ],
        "version": 1,
        "internalName": "Dizikorea",
        "url": "https://raw.githubusercontent.com/hexated/cloudstream-extensions-hexated/builds/Dizikorea.cs3",
        "name": "Dizikorea"
    },
    {
        "iconUrl": "https://www.google.com/s2/favicons?domain=dramaid.asia&sz=%size%",
        "apiVersion": 1,
        "repositoryUrl": "https://github.com/hexated/cloudstream-extensions-hexated",
        "fileSize": 21183,
        "status": 1,
        "language": "id",
        "authors": [
            "Hexated"
        ],
        "tvTypes": [
            "AsianDrama",
            "Movie"
        ],
        "version": 10,
        "internalName": "DramaidProvider",
        "description": "Include: Oppadrama",
        "url": "https://raw.githubusercontent.com/hexated/cloudstream-extensions-hexated/builds/DramaidProvider.cs3",
        "name": "DramaidProvider"
    },
    {
        "iconUrl": "https://www.google.com/s2/favicons?domain=149.3.170.35&sz=%size%",
        "apiVersion": 1,
        "repositoryUrl": "https://github.com/hexated/cloudstream-extensions-hexated",
        "fileSize": 15882,
        "status": 1,
        "language": "id",
        "authors": [
            "Hexated"
        ],
        "tvTypes": [
            "AsianDrama"
        ],
        "version": 5,
        "internalName": "DramaSerial",
        "url": "https://raw.githubusercontent.com/hexated/cloudstream-extensions-hexated/builds/DramaSerial.cs3",
        "name": "DramaSerial"
    },
    {
        "iconUrl": "https://www.google.com/s2/favicons?domain=www.dubbindo.xyz&sz=%size%",
        "apiVersion": 1,
        "repositoryUrl": "https://github.com/hexated/cloudstream-extensions-hexated",
        "fileSize": 12041,
        "status": 1,
        "language": "id",
        "authors": [
            "Hexated"
        ],
        "tvTypes": [
            "TvSeries",
            "Movie",
            "Cartoon",
            "Anime"
        ],
        "version": 1,
        "internalName": "Dubbindo",
        "url": "https://raw.githubusercontent.com/hexated/cloudstream-extensions-hexated/builds/Dubbindo.cs3",
        "name": "Dubbindo"
    },
    {
        "iconUrl": "https://www.google.com/s2/favicons?domain=www.duboku.tv&sz=%size%",
        "apiVersion": 1,
        "repositoryUrl": "https://github.com/hexated/cloudstream-extensions-hexated",
        "fileSize": 12768,
        "status": 1,
        "language": "zh",
        "authors": [
            "Hexated"
        ],
        "tvTypes": [
            "AsianDrama",
            "TvSeries",
            "Movie"
        ],
        "version": 1,
        "internalName": "DubokuProvider",
        "url": "https://raw.githubusercontent.com/hexated/cloudstream-extensions-hexated/builds/DubokuProvider.cs3",
        "name": "DubokuProvider"
    },
    {
        "iconUrl": "https://www.google.com/s2/favicons?domain=filmpalast.to&sz=%size%",
        "apiVersion": 1,
        "repositoryUrl": "https://github.com/hexated/cloudstream-extensions-hexated",
        "fileSize": 11054,
        "status": 1,
        "authors": [
            "Bnyro"
        ],
        "tvTypes": [
            "TvSeries",
            "Movie"
        ],
        "version": 1,
        "internalName": "FilmPalast",
        "description": "German Filmpalast provider",
        "url": "https://raw.githubusercontent.com/hexated/cloudstream-extensions-hexated/builds/FilmPalast.cs3",
        "name": "FilmPalast"
    },
    {
        "iconUrl": "https://www.google.com/s2/favicons?domain=gomov.bio&sz=%size%",
        "apiVersion": 1,
        "repositoryUrl": "https://github.com/hexated/cloudstream-extensions-hexated",
        "fileSize": 30898,
        "status": 1,
        "language": "id",
        "authors": [
            "Hexated"
        ],
        "tvTypes": [
            "AsianDrama",
            "TvSeries",
            "Movie"
        ],
        "version": 30,
        "internalName": "Gomov",
        "description": "Includes: DutaMovie, Ngefilm, Nodrakorid, Multiplex, Pusatfilm",
        "url": "https://raw.githubusercontent.com/hexated/cloudstream-extensions-hexated/builds/Gomov.cs3",
        "name": "Gomov"
    },
    {
        "iconUrl": "https://www.google.com/s2/favicons?domain=gomunime.is&sz=%size%",
        "apiVersion": 1,
        "repositoryUrl": "https://github.com/hexated/cloudstream-extensions-hexated",
        "fileSize": 14701,
        "status": 1,
        "language": "id",
        "authors": [
            "Hexated"
        ],
        "tvTypes": [
            "AnimeMovie",
            "Anime",
            "OVA"
        ],
        "version": 6,
        "internalName": "Gomunimeis",
        "url": "https://raw.githubusercontent.com/hexated/cloudstream-extensions-hexated/builds/Gomunimeis.cs3",
        "name": "Gomunimeis"
    },
    {
        "iconUrl": "https://www.google.com/s2/favicons?domain=185.231.223.76&sz=%size%",
        "apiVersion": 1,
        "repositoryUrl": "https://github.com/hexated/cloudstream-extensions-hexated",
        "fileSize": 17993,
        "status": 0,
        "language": "id",
        "authors": [
            "Hexated"
        ],
        "tvTypes": [
            "AnimeMovie",
            "Anime",
            "OVA"
        ],
        "version": 2,
        "internalName": "GomunimeProvider",
        "url": "https://raw.githubusercontent.com/hexated/cloudstream-extensions-hexated/builds/GomunimeProvider.cs3",
        "name": "GomunimeProvider"
    },
    {
        "iconUrl": "https://www.google.com/s2/favicons?domain=goodporn.to&sz=%size%",
        "apiVersion": 1,
        "repositoryUrl": "https://github.com/hexated/cloudstream-extensions-hexated",
        "fileSize": 10889,
        "status": 1,
        "language": "en",
        "authors": [
            "Sora"
        ],
        "tvTypes": [
            "NSFW"
        ],
        "version": 7,
        "internalName": "GoodPorn",
        "description": "Premium porn with 4K support (use VPN if links not working)",
        "url": "https://raw.githubusercontent.com/hexated/cloudstream-extensions-hexated/builds/GoodPorn.cs3",
        "name": "GoodPorn"
    },
    {
        "iconUrl": "https://www.google.com/s2/favicons?domain=hdfilmcehennemi.live&sz=%size%",
        "apiVersion": 1,
        "repositoryUrl": "https://github.com/hexated/cloudstream-extensions-hexated",
        "fileSize": 20063,
        "status": 1,
        "language": "tr",
        "authors": [
            "Hexated"
        ],
        "tvTypes": [
            "TvSeries",
            "Movie"
        ],
        "version": 12,
        "internalName": "Hdfilmcehennemi",
        "url": "https://raw.githubusercontent.com/hexated/cloudstream-extensions-hexated/builds/Hdfilmcehennemi.cs3",
        "name": "Hdfilmcehennemi"
    },
    {
        "iconUrl": "https://www.google.com/s2/favicons?domain=rezka.ag&sz=%size%",
        "apiVersion": 1,
        "repositoryUrl": "https://github.com/hexated/cloudstream-extensions-hexated",
        "fileSize": 24220,
        "status": 1,
        "language": "ru",
        "authors": [
            "Hexated"
        ],
        "tvTypes": [
            "AsianDrama",
            "Anime",
            "TvSeries",
            "Movie"
        ],
        "version": 3,
        "internalName": "HDrezkaProvider",
        "url": "https://raw.githubusercontent.com/hexated/cloudstream-extensions-hexated/builds/HDrezkaProvider.cs3",
        "name": "HDrezkaProvider"
    },
    {
        "iconUrl": "https://www.google.com/s2/favicons?domain=hentaihaven.xxx&sz=%size%",
        "apiVersion": 1,
        "repositoryUrl": "https://github.com/hexated/cloudstream-extensions-hexated",
        "fileSize": 14426,
        "status": 1,
        "language": "en",
        "authors": [
            "Sora"
        ],
        "tvTypes": [
            "NSFW"
        ],
        "version": 3,
        "internalName": "Hentaiheaven",
        "url": "https://raw.githubusercontent.com/hexated/cloudstream-extensions-hexated/builds/Hentaiheaven.cs3",
        "name": "Hentaiheaven"
    },
    {
        "iconUrl": "https://t0.gstatic.com/faviconV2?client=SOCIAL&type=FAVICON&fallback_opts=TYPE,SIZE,URL&url=http://idlixian.com&size=16",
        "apiVersion": 1,
        "repositoryUrl": "https://github.com/hexated/cloudstream-extensions-hexated",
        "fileSize": 25190,
        "status": 0,
        "language": "id",
        "authors": [
            "Hexated"
        ],
        "tvTypes": [
            "TvSeries",
            "Movie",
            "Anime",
            "AsianDrama"
        ],
        "version": 17,
        "internalName": "IdlixProvider",
        "url": "https://raw.githubusercontent.com/hexated/cloudstream-extensions-hexated/builds/IdlixProvider.cs3",
        "name": "IdlixProvider"
    },
    {
        "iconUrl": "https://www.google.com/s2/favicons?domain=www.i-moviehd.com&sz=%size%",
        "apiVersion": 1,
        "repositoryUrl": "https://github.com/hexated/cloudstream-extensions-hexated",
        "fileSize": 13047,
        "status": 1,
        "language": "th",
        "authors": [
            "Hexated"
        ],
        "tvTypes": [
            "TvSeries",
            "Movie"
        ],
        "version": 1,
        "internalName": "IMoviehd",
        "url": "https://raw.githubusercontent.com/hexated/cloudstream-extensions-hexated/builds/IMoviehd.cs3",
        "name": "IMoviehd"
    },
    {
        "iconUrl": "https://www.google.com/s2/favicons?domain=kinoger.com&sz=%size%",
        "apiVersion": 1,
        "repositoryUrl": "https://github.com/hexated/cloudstream-extensions-hexated",
        "fileSize": 12885,
        "status": 1,
        "language": "de",
        "authors": [
            "Hexated"
        ],
        "tvTypes": [
            "TvSeries",
            "Movie"
        ],
        "version": 2,
        "internalName": "Kinoger",
        "url": "https://raw.githubusercontent.com/hexated/cloudstream-extensions-hexated/builds/Kinoger.cs3",
        "name": "Kinoger"
    },
    {
        "iconUrl": "https://www.google.com/s2/favicons?domain=kissasian.pe&sz=%size%",
        "apiVersion": 1,
        "repositoryUrl": "https://github.com/hexated/cloudstream-extensions-hexated",
        "fileSize": 15984,
        "status": 1,
        "language": "en",
        "authors": [
            "Hexated"
        ],
        "tvTypes": [
            "AsianDrama"
        ],
        "version": 3,
        "internalName": "Kissasian",
        "description": "Include: KissasianMx",
        "url": "https://raw.githubusercontent.com/hexated/cloudstream-extensions-hexated/builds/Kissasian.cs3",
        "name": "Kissasian"
    },
    {
        "iconUrl": "https://www.google.com/s2/favicons?domain=kisskh.co&sz=%size%",
        "apiVersion": 1,
        "repositoryUrl": "https://github.com/hexated/cloudstream-extensions-hexated",
        "fileSize": 18803,
        "status": 1,
        "language": "en",
        "authors": [
            "Hexated"
        ],
        "tvTypes": [
            "AsianDrama",
            "TvSeries",
            "Anime",
            "Movie"
        ],
        "version": 4,
        "internalName": "KisskhProvider",
        "url": "https://raw.githubusercontent.com/hexated/cloudstream-extensions-hexated/builds/KisskhProvider.cs3",
        "name": "KisskhProvider"
    },
    {
        "iconUrl": "https://www.google.com/s2/favicons?domain=kuramanime.com&sz=%size%",
        "apiVersion": 1,
        "repositoryUrl": "https://github.com/hexated/cloudstream-extensions-hexated",
        "fileSize": 20276,
        "status": 1,
        "language": "id",
        "authors": [
            "Hexated"
        ],
        "tvTypes": [
            "AnimeMovie",
            "Anime",
            "OVA"
        ],
        "version": 36,
        "internalName": "KuramanimeProvider",
        "url": "https://raw.githubusercontent.com/hexated/cloudstream-extensions-hexated/builds/KuramanimeProvider.cs3",
        "name": "KuramanimeProvider"
    },
    {
        "iconUrl": "https://www.google.com/s2/favicons?domain=45.12.2.2&sz=%size%",
        "apiVersion": 1,
        "repositoryUrl": "https://github.com/hexated/cloudstream-extensions-hexated",
        "fileSize": 23612,
        "status": 1,
        "language": "id",
        "authors": [
            "Hexated"
        ],
        "tvTypes": [
            "AnimeMovie",
            "Anime",
            "OVA"
        ],
        "version": 20,
        "internalName": "KuronimeProvider",
        "url": "https://raw.githubusercontent.com/hexated/cloudstream-extensions-hexated/builds/KuronimeProvider.cs3",
        "name": "KuronimeProvider"
    },
    {
        "iconUrl": "https://s8.lk21static.xyz/wp-content/themes/dunia21/images/favicon-set/ms-icon-144x144.png",
        "apiVersion": 1,
        "repositoryUrl": "https://github.com/hexated/cloudstream-extensions-hexated",
        "fileSize": 19293,
        "status": 1,
        "language": "id",
        "authors": [
            "Hexated"
        ],
        "tvTypes": [
            "AsianDrama",
            "TvSeries",
            "Movie"
        ],
        "version": 19,
        "internalName": "LayarKacaProvider",
        "url": "https://raw.githubusercontent.com/hexated/cloudstream-extensions-hexated/builds/LayarKacaProvider.cs3",
        "name": "LayarKacaProvider"
    },
    {
        "iconUrl": "https://www.google.com/s2/favicons?domain=loklok.com&sz=%size%",
        "apiVersion": 1,
        "repositoryUrl": "https://github.com/hexated/cloudstream-extensions-hexated",
        "fileSize": 33297,
        "status": 0,
        "language": "en",
        "authors": [
            "Hexated"
        ],
        "tvTypes": [
            "AsianDrama",
            "Anime",
            "TvSeries",
            "Movie"
        ],
        "version": 26,
        "internalName": "Loklok",
        "description": "#2 best extension based on Loklok API",
        "url": "https://raw.githubusercontent.com/hexated/cloudstream-extensions-hexated/builds/Loklok.cs3",
        "name": "Loklok"
    },
    {
        "iconUrl": "https://www.google.com/s2/favicons?domain=minioppai.org&sz=%size%",
        "apiVersion": 1,
        "repositoryUrl": "https://github.com/hexated/cloudstream-extensions-hexated",
        "fileSize": 19164,
        "status": 1,
        "language": "id",
        "authors": [
            "Sora"
        ],
        "tvTypes": [
            "NSFW"
        ],
        "version": 11,
        "internalName": "Minioppai",
        "url": "https://raw.githubusercontent.com/hexated/cloudstream-extensions-hexated/builds/Minioppai.cs3",
        "name": "Minioppai"
    },
    {
        "iconUrl": "https://www.google.com/s2/favicons?domain=moflix-stream.xyz&sz=%size%",
        "apiVersion": 1,
        "repositoryUrl": "https://github.com/hexated/cloudstream-extensions-hexated",
        "fileSize": 34439,
        "status": 1,
        "language": "de",
        "authors": [
            "Hexated"
        ],
        "tvTypes": [
            "TvSeries",
            "Movie"
        ],
        "version": 2,
        "internalName": "Moflix",
        "url": "https://raw.githubusercontent.com/hexated/cloudstream-extensions-hexated/builds/Moflix.cs3",
        "name": "Moflix"
    },
    {
        "iconUrl": "https://www.google.com/s2/favicons?domain=moviehab.com&sz=%size%",
        "apiVersion": 1,
        "repositoryUrl": "https://github.com/hexated/cloudstream-extensions-hexated",
        "fileSize": 17907,
        "status": 1,
        "language": "tl",
        "authors": [
            "Hexated"
        ],
        "tvTypes": [
            "TvSeries",
            "Movie"
        ],
        "version": 3,
        "internalName": "Moviehab",
        "url": "https://raw.githubusercontent.com/hexated/cloudstream-extensions-hexated/builds/Moviehab.cs3",
        "name": "Moviehab"
    },
    {
        "iconUrl": "https://www.google.com/s2/favicons?domain=movierulzhd.best&sz=%size%",
        "apiVersion": 1,
        "repositoryUrl": "https://github.com/hexated/cloudstream-extensions-hexated",
        "fileSize": 26800,
        "status": 1,
        "language": "hi",
        "authors": [
            "Hexated"
        ],
        "tvTypes": [
            "TvSeries",
            "Movie"
        ],
        "version": 60,
        "internalName": "Movierulzhd",
        "description": "Includes: Hdmovie2, Animesaga",
        "url": "https://raw.githubusercontent.com/hexated/cloudstream-extensions-hexated/builds/Movierulzhd.cs3",
        "name": "Movierulzhd"
    },
    {
        "iconUrl": "https://www.google.com/s2/favicons?domain=nekopoi.care&sz=%size%",
        "apiVersion": 1,
        "repositoryUrl": "https://github.com/hexated/cloudstream-extensions-hexated",
        "fileSize": 22113,
        "status": 1,
        "language": "id",
        "authors": [
            "Sora"
        ],
        "tvTypes": [
            "NSFW"
        ],
        "version": 6,
        "internalName": "Nekopoi",
        "url": "https://raw.githubusercontent.com/hexated/cloudstream-extensions-hexated/builds/Nekopoi.cs3",
        "name": "Nekopoi"
    },
    {
        "iconUrl": "https://www.google.com/s2/favicons?domain=neonime.ink&sz=%size%",
        "apiVersion": 1,
        "repositoryUrl": "https://github.com/hexated/cloudstream-extensions-hexated",
        "fileSize": 15490,
        "status": 1,
        "language": "id",
        "authors": [
            "Hexated"
        ],
        "tvTypes": [
            "AnimeMovie",
            "Anime",
            "Movie",
            "OVA"
        ],
        "version": 8,
        "internalName": "NeonimeProvider",
        "url": "https://raw.githubusercontent.com/hexated/cloudstream-extensions-hexated/builds/NeonimeProvider.cs3",
        "name": "NeonimeProvider"
    },
    {
        "iconUrl": "https://www.google.com/s2/favicons?domain=nimegami.id&sz=%size%",
        "apiVersion": 1,
        "repositoryUrl": "https://github.com/hexated/cloudstream-extensions-hexated",
        "fileSize": 20112,
        "status": 1,
        "language": "id",
        "authors": [
            "Hexated"
        ],
        "tvTypes": [
            "AnimeMovie",
            "Anime",
            "OVA"
        ],
        "version": 10,
        "internalName": "Nimegami",
        "url": "https://raw.githubusercontent.com/hexated/cloudstream-extensions-hexated/builds/Nimegami.cs3",
        "name": "Nimegami"
    },
    {
        "iconUrl": "https://www.google.com/s2/favicons?domain=nontonanimeid.org&sz=%size%",
        "apiVersion": 1,
        "repositoryUrl": "https://github.com/hexated/cloudstream-extensions-hexated",
        "fileSize": 22470,
        "status": 1,
        "language": "id",
        "authors": [
            "Hexated"
        ],
        "tvTypes": [
            "AnimeMovie",
            "Anime",
            "OVA"
        ],
        "version": 21,
        "internalName": "NontonAnimeIDProvider",
        "url": "https://raw.githubusercontent.com/hexated/cloudstream-extensions-hexated/builds/NontonAnimeIDProvider.cs3",
        "name": "NontonAnimeIDProvider"
    },
    {
        "iconUrl": "https://www.google.com/s2/favicons?domain=123tv.live&sz=%size%",
        "apiVersion": 1,
        "repositoryUrl": "https://github.com/hexated/cloudstream-extensions-hexated",
        "fileSize": 16196,
        "status": 1,
        "language": "en",
        "authors": [
            "Hexated"
        ],
        "tvTypes": [
            "Live"
        ],
        "version": 3,
        "internalName": "OnetwothreeTv",
        "url": "https://raw.githubusercontent.com/hexated/cloudstream-extensions-hexated/builds/OnetwothreeTv.cs3",
        "name": "OnetwothreeTv"
    },
    {
        "iconUrl": "https://www.google.com/s2/favicons?domain=oploverz.care&sz=%size%",
        "apiVersion": 1,
        "repositoryUrl": "https://github.com/hexated/cloudstream-extensions-hexated",
        "fileSize": 18934,
        "status": 1,
        "language": "id",
        "authors": [
            "Hexated"
        ],
        "tvTypes": [
            "AnimeMovie",
            "Anime",
            "OVA"
        ],
        "version": 27,
        "internalName": "OploverzProvider",
        "url": "https://raw.githubusercontent.com/hexated/cloudstream-extensions-hexated/builds/OploverzProvider.cs3",
        "name": "OploverzProvider"
    },
    {
        "iconUrl": "https://www.google.com/s2/favicons?domain=otakudesu.watch&sz=%size%",
        "apiVersion": 1,
        "repositoryUrl": "https://github.com/hexated/cloudstream-extensions-hexated",
        "fileSize": 21133,
        "status": 1,
        "language": "id",
        "authors": [
            "Hexated"
        ],
        "tvTypes": [
            "AnimeMovie",
            "Anime",
            "OVA"
        ],
        "version": 16,
        "internalName": "OtakudesuProvider",
        "url": "https://raw.githubusercontent.com/hexated/cloudstream-extensions-hexated/builds/OtakudesuProvider.cs3",
        "name": "OtakudesuProvider"
    },
    {
        "iconUrl": "https://www.google.com/s2/favicons?domain=en.paradisehill.cc&sz=%size%",
        "apiVersion": 1,
        "repositoryUrl": "https://github.com/hexated/cloudstream-extensions-hexated",
        "fileSize": 11176,
        "status": 1,
        "language": "en",
        "authors": [
            "Sora"
        ],
        "tvTypes": [
            "NSFW"
        ],
        "version": 4,
        "internalName": "Paradisehill",
        "description": "Series porn (use VPN if links not working)",
        "url": "https://raw.githubusercontent.com/hexated/cloudstream-extensions-hexated/builds/Paradisehill.cs3",
        "name": "Paradisehill"
    },
    {
        "iconUrl": "https://www.google.com/s2/favicons?domain=xem1080.com",
        "apiVersion": 1,
        "repositoryUrl": "https://github.com/hexated/cloudstream-extensions-hexated",
        "fileSize": 21299,
        "status": 1,
        "language": "vi",
        "authors": [
            "TuaSan"
        ],
        "tvTypes": [
            "AsianDrama",
            "Anime",
            "TvSeries",
            "Movie"
        ],
        "version": 3,
        "internalName": "Phim1080",
        "description": "Xem Phim Online Ch\u1ea5t L\u01b0\u1ee3ng Cao",
        "url": "https://raw.githubusercontent.com/hexated/cloudstream-extensions-hexated/builds/Phim1080.cs3",
        "name": "Phim1080"
    },
    {
        "iconUrl": "https://www.google.com/s2/favicons?domain=phimmoichillk.net&sz=%size%",
        "apiVersion": 1,
        "repositoryUrl": "https://github.com/hexated/cloudstream-extensions-hexated",
        "fileSize": 15172,
        "status": 1,
        "language": "vi",
        "authors": [
            "Hexated"
        ],
        "tvTypes": [
            "AsianDrama",
            "Anime",
            "TvSeries",
            "Movie"
        ],
        "version": 7,
        "internalName": "PhimmoichillProvider",
        "url": "https://raw.githubusercontent.com/hexated/cloudstream-extensions-hexated/builds/PhimmoichillProvider.cs3",
        "name": "PhimmoichillProvider"
    },
    {
        "iconUrl": "https://www.google.com/s2/favicons?domain=179.43.163.54&sz=%size%",
        "apiVersion": 1,
        "repositoryUrl": "https://github.com/hexated/cloudstream-extensions-hexated",
        "fileSize": 22176,
        "status": 1,
        "language": "id",
        "authors": [
            "Hexated"
        ],
        "tvTypes": [
            "AsianDrama",
            "Anime",
            "TvSeries",
            "Movie"
        ],
        "version": 8,
        "internalName": "RebahinProvider",
        "description": "Includes: Cgvindo, Kitanonton",
        "url": "https://raw.githubusercontent.com/hexated/cloudstream-extensions-hexated/builds/RebahinProvider.cs3",
        "name": "RebahinProvider"
    },
    {
        "iconUrl": "https://www.google.com/s2/favicons?domain=https://samehadaku.world&sz=%size%",
        "apiVersion": 1,
        "repositoryUrl": "https://github.com/hexated/cloudstream-extensions-hexated",
        "fileSize": 18285,
        "status": 1,
        "language": "id",
        "authors": [
            "Hexated"
        ],
        "tvTypes": [
            "AnimeMovie",
            "OVA",
            "Anime"
        ],
        "version": 21,
        "internalName": "Samehadaku",
        "url": "https://raw.githubusercontent.com/hexated/cloudstream-extensions-hexated/builds/Samehadaku.cs3",
        "name": "Samehadaku"
    },
    {
        "iconUrl": "https://cdn.discordapp.com/attachments/1109266606292488297/1193122096159674448/2-modified.png",
        "apiVersion": 1,
        "repositoryUrl": "https://github.com/hexated/cloudstream-extensions-hexated",
        "fileSize": 279570,
        "status": 1,
        "language": "en",
        "authors": [
            "Hexated",
            "Sora"
        ],
        "tvTypes": [
            "AsianDrama",
            "TvSeries",
            "Anime",
            "Movie"
        ],
        "version": 218,
        "internalName": "SoraStream",
        "description": "#1 best extention based on MultiAPI",
        "url": "https://raw.githubusercontent.com/hexated/cloudstream-extensions-hexated/builds/SoraStream.cs3",
        "name": "SoraStream"
    },
    {
        "iconUrl": "https://raw.githubusercontent.com/hexated/cloudstream-extensions-hexated/master/StremioX/icon.png",
        "apiVersion": 1,
        "repositoryUrl": "https://github.com/hexated/cloudstream-extensions-hexated",
        "fileSize": 70010,
        "status": 1,
        "language": "en",
        "authors": [
            "Hexated"
        ],
        "tvTypes": [
            "TvSeries",
            "Movie"
        ],
        "version": 13,
        "internalName": "StremioX",
        "description": "[!] Requires Setup \n- StremioX allows you to use stream addons \n- StremioC allows you to use catalog addons",
        "url": "https://raw.githubusercontent.com/hexated/cloudstream-extensions-hexated/builds/StremioX.cs3",
        "name": "StremioX"
    },
    {
        "iconUrl": "https://cdn.discordapp.com/attachments/1109266606292488297/1196694385061003334/icon.png",
        "apiVersion": 1,
        "repositoryUrl": "https://github.com/hexated/cloudstream-extensions-hexated",
        "fileSize": 72657,
        "status": 1,
        "language": "en",
        "authors": [
            "Blatzar"
        ],
        "tvTypes": [
            "AsianDrama",
            "Anime",
            "TvSeries",
            "Movie"
        ],
        "version": 1,
        "internalName": "Superstream",
        "url": "https://raw.githubusercontent.com/hexated/cloudstream-extensions-hexated/builds/Superstream.cs3",
        "name": "Superstream"
    },
    {
        "iconUrl": "https://cdn.discordapp.com/attachments/1109266606292488297/1193088870212976640/Untitled.jpg",
        "apiVersion": 1,
        "repositoryUrl": "https://github.com/hexated/cloudstream-extensions-hexated",
        "fileSize": 15379,
        "status": 1,
        "language": "en",
        "authors": [
            "Hexated"
        ],
        "tvTypes": [
            "Live"
        ],
        "version": 22,
        "internalName": "TimefourTv",
        "description": "Sport Live Stream",
        "url": "https://raw.githubusercontent.com/hexated/cloudstream-extensions-hexated/builds/TimefourTv.cs3",
        "name": "TimefourTv"
    },
    {
        "iconUrl": "https://www.google.com/s2/favicons?domain=tocanime.co&sz=%size%",
        "apiVersion": 1,
        "repositoryUrl": "https://github.com/hexated/cloudstream-extensions-hexated",
        "fileSize": 13867,
        "status": 1,
        "language": "vi",
        "authors": [
            "Hexated, TuaSan"
        ],
        "tvTypes": [
            "AnimeMovie",
            "Anime",
            "OVA"
        ],
        "version": 2,
        "internalName": "TocanimeProvider",
        "url": "https://raw.githubusercontent.com/hexated/cloudstream-extensions-hexated/builds/TocanimeProvider.cs3",
        "name": "TocanimeProvider"
    },
    {
        "iconUrl": "https://www.google.com/s2/favicons?domain=topdocumentaryfilms.com&sz=%size%",
        "apiVersion": 1,
        "repositoryUrl": "https://github.com/hexated/cloudstream-extensions-hexated",
        "fileSize": 10142,
        "status": 1,
        "language": "en",
        "authors": [
            "Hexated"
        ],
        "tvTypes": [
            "Documentary"
        ],
        "version": 1,
        "internalName": "Topdocumentaryfilms",
        "url": "https://raw.githubusercontent.com/hexated/cloudstream-extensions-hexated/builds/Topdocumentaryfilms.cs3",
        "name": "Topdocumentaryfilms"
    },
    {
        "iconUrl": "https://www.google.com/s2/favicons?domain=turkish123.com&sz=%size%",
        "apiVersion": 1,
        "repositoryUrl": "https://github.com/hexated/cloudstream-extensions-hexated",
        "fileSize": 13120,
        "status": 1,
        "language": "tr",
        "authors": [
            "Hexated"
        ],
        "tvTypes": [
            "TvSeries",
            "Movie"
        ],
        "version": 1,
        "internalName": "Turkish",
        "url": "https://raw.githubusercontent.com/hexated/cloudstream-extensions-hexated/builds/Turkish.cs3",
        "name": "Turkish"
    },
    {
        "iconUrl": "https://www.google.com/s2/favicons?domain=tv247.us&sz=%size%",
        "apiVersion": 1,
        "repositoryUrl": "https://github.com/hexated/cloudstream-extensions-hexated",
        "fileSize": 9549,
        "status": 1,
        "language": "en",
        "authors": [
            "Hexated"
        ],
        "tvTypes": [
            "Live"
        ],
        "version": 2,
        "internalName": "Tvtwofourseven",
        "url": "https://raw.githubusercontent.com/hexated/cloudstream-extensions-hexated/builds/Tvtwofourseven.cs3",
        "name": "Tvtwofourseven"
    },
    {
        "iconUrl": "https://www.google.com/s2/favicons?domain=uakino.club&sz=%size%",
        "apiVersion": 1,
        "repositoryUrl": "https://github.com/hexated/cloudstream-extensions-hexated",
        "fileSize": 16016,
        "status": 1,
        "language": "uk",
        "authors": [
            "Hexated"
        ],
        "tvTypes": [
            "Anime",
            "TvSeries",
            "Movie"
        ],
        "version": 1,
        "internalName": "UakinoProvider",
        "url": "https://raw.githubusercontent.com/hexated/cloudstream-extensions-hexated/builds/UakinoProvider.cs3",
        "name": "UakinoProvider"
    },
    {
        "iconUrl": "https://www.google.com/s2/favicons?domain=useetv.com&sz=%size%",
        "apiVersion": 1,
        "repositoryUrl": "https://github.com/hexated/cloudstream-extensions-hexated",
        "fileSize": 9480,
        "status": 1,
        "language": "id",
        "authors": [
            "Hexated"
        ],
        "tvTypes": [
            "Live"
        ],
        "version": 2,
        "internalName": "UseeTv",
        "url": "https://raw.githubusercontent.com/hexated/cloudstream-extensions-hexated/builds/UseeTv.cs3",
        "name": "UseeTv"
    },
    {
        "iconUrl": "https://www.google.com/s2/favicons?domain=www.wcofun.com&sz=%size%",
        "apiVersion": 1,
        "repositoryUrl": "https://github.com/hexated/cloudstream-extensions-hexated",
        "fileSize": 14971,
        "status": 1,
        "language": "en",
        "authors": [
            "Hexated"
        ],
        "tvTypes": [
            "AnimeMovie",
            "Anime",
            "OVA"
        ],
        "version": 2,
        "internalName": "WcofunProvider",
        "url": "https://raw.githubusercontent.com/hexated/cloudstream-extensions-hexated/builds/WcofunProvider.cs3",
        "name": "WcofunProvider"
    },
    {
        "iconUrl": "https://www.google.com/s2/favicons?domain=www1.xcine.ru&sz=%size%",
        "apiVersion": 1,
        "repositoryUrl": "https://github.com/hexated/cloudstream-extensions-hexated",
        "fileSize": 24420,
        "status": 1,
        "language": "de",
        "authors": [
            "Hexated"
        ],
        "tvTypes": [
            "TvSeries",
            "Movie"
        ],
        "version": 5,
        "internalName": "Xcineio",
        "description": "Include: Movie4k",
        "url": "https://raw.githubusercontent.com/hexated/cloudstream-extensions-hexated/builds/Xcineio.cs3",
        "name": "Xcineio"
    },
    {
        "iconUrl": "https://raw.githubusercontent.com/hexated/cloudstream-extensions-hexated/master/Xcinetop/icon.png",
        "apiVersion": 1,
        "repositoryUrl": "https://github.com/hexated/cloudstream-extensions-hexated",
        "fileSize": 17478,
        "status": 1,
        "language": "de",
        "authors": [
            "Hexated"
        ],
        "tvTypes": [
            "TvSeries",
            "Movie"
        ],
        "version": 3,
        "internalName": "Xcinetop",
        "url": "https://raw.githubusercontent.com/hexated/cloudstream-extensions-hexated/builds/Xcinetop.cs3",
        "name": "Xcinetop"
    },
    {
        "iconUrl": "https://www.google.com/s2/favicons?domain=yomovies.rest&sz=%size%",
        "apiVersion": 1,
        "repositoryUrl": "https://github.com/hexated/cloudstream-extensions-hexated",
        "fileSize": 15233,
        "status": 1,
        "language": "hi",
        "authors": [
            "Hexated"
        ],
        "tvTypes": [
            "TvSeries",
            "Movie"
        ],
        "version": 26,
        "internalName": "YomoviesProvider",
        "description": "Includes: Watchomovies(NS*W), Max resolution is 720p in both extensions.",
        "url": "https://raw.githubusercontent.com/hexated/cloudstream-extensions-hexated/builds/YomoviesProvider.cs3",
        "name": "YomoviesProvider"
    },
    {
        "iconUrl": "https://yugenanime.sx/static/img/favicon-32x32.png",
        "apiVersion": 1,
        "repositoryUrl": "https://github.com/hexated/cloudstream-extensions-hexated",
        "fileSize": 19622,
        "status": 1,
        "language": "en",
        "authors": [
            "Hexated"
        ],
        "tvTypes": [
            "AnimeMovie",
            "Anime",
            "OVA"
        ],
        "version": 7,
        "internalName": "YugenAnime",
        "url": "https://raw.githubusercontent.com/hexated/cloudstream-extensions-hexated/builds/YugenAnime.cs3",
        "name": "YugenAnime"
    }
]